zcmb,zhel,mb,e_mb,x1,e_x1,c,e_c,logMst
0.072,0.0727,18.984,0.113,-0.924,0.109,0.181,0.026,10.07
0.022,0.0227,16.021,0.149,-1.091,0.131,0.074,0.036,10.335
0.035,0.0343,16.971,0.14,-2.039,0.187,-0.089,0.026,11.029
0.014,0.0143,14.382,0.158,0.869,0.038,0.027,0.023,10.689
0.035,0.0349,16.45,0.142,0.941,0.095,-0.087,0.03,6.0
0.017,0.0174,15.364,0.15,-2.113,0.106,-0.027,0.025,10.477
0.018,0.0177,14.836,0.151,-1.171,0.118,-0.081,0.025,10.429
0.015,0.0159,15.08,0.154,-0.916,0.069,0.002,0.023,10.662
0.041,0.041,17.617,0.139,-1.244,0.122,0.069,0.023,10.961
0.016,0.0159,15.72,0.153,-1.321,0.108,0.09,0.027,9.51
0.038,0.038,16.644,0.139,0.515,0.089,-0.09,0.021,10.349
0.027,0.0267,16.035,0.143,1.779,0.121,-0.006,0.035,10.82
0.037,0.037,16.62,0.139,1.743,0.135,-0.037,0.023,11.136
0.037,0.037,17.41,0.142,-2.128,0.109,0.008,0.03,10.925
0.022,0.021,15.747,0.145,0.977,0.104,-0.035,0.022,10.587
0.021,0.0201,15.876,0.146,0.073,0.061,0.102,0.021,10.619
0.015,0.0135,14.661,0.155,0.738,0.095,-0.066,0.022,10.193
0.027,0.0267,17.153,0.141,-1.806,0.031,0.127,0.019,11.079
0.016,0.0144,14.726,0.153,1.179,0.044,-0.084,0.023,10.7
0.027,0.0252,16.161,0.142,0.424,0.07,-0.034,0.021,10.41
0.025,0.0244,16.341,0.148,-0.792,0.134,0.148,0.025,10.603
0.02,0.0193,15.66,0.147,-0.974,0.076,-0.055,0.022,9.38
0.011,0.0101,14.449,0.173,0.791,0.188,0.118,0.031,9.942
0.017,0.0167,15.351,0.153,0.823,0.27,0.165,0.029,9.937
0.015,0.0143,15.058,0.155,-1.897,0.061,-0.079,0.022,10.809
0.023,0.0225,16.455,0.145,-1.043,0.217,0.082,0.027,9.847
0.03,0.0297,16.835,0.142,0.467,0.06,0.166,0.027,10.999
0.025,0.0246,16.238,0.145,-1.738,0.167,-0.049,0.025,10.958
0.014,0.0135,15.128,0.156,-1.718,0.088,0.026,0.025,11.191
0.08,0.0794,18.471,0.136,0.214,0.048,-0.037,0.023,10.902
0.031,0.0322,16.912,0.14,0.266,0.071,0.063,0.021,11.381
0.028,0.0281,16.657,0.142,0.542,0.319,0.097,0.023,10.806
0.039,0.0394,16.699,0.139,1.53,0.094,-0.062,0.022,10.579
0.023,0.023,15.991,0.145,0.941,0.149,0.003,0.027,9.657
0.032,0.0313,16.79,0.141,-1.61,0.075,-0.007,0.024,11.039
0.029,0.0283,16.483,0.143,-2.09,0.294,-0.033,0.027,10.657
0.031,0.0296,16.647,0.143,0.659,0.128,0.064,0.029,10.309
0.033,0.0321,16.841,0.14,0.971,0.067,0.021,0.022,10.45
0.023,0.0231,16.158,0.144,-0.858,0.062,0.024,0.021,10.866
0.028,0.0271,16.077,0.143,-0.109,0.127,0.039,0.03,10.789
0.024,0.0236,15.896,0.144,0.619,0.041,-0.055,0.026,10.027
0.031,0.0309,16.462,0.14,-1.343,0.042,-0.117,0.022,11.314
1.231,1.23,26.047,0.129,-0.077,0.69,0.087,0.048,10.134
1.121,1.12,25.147,0.122,0.62,0.307,-0.075,0.053,8.335
0.84,0.839,24.363,0.113,-0.082,0.331,-0.02,0.04,10.626
0.936,0.935,24.482,0.12,0.056,0.29,-0.025,0.059,10.906
1.021,1.02,24.965,0.119,0.305,0.292,-0.104,0.06,10.004
0.971,0.97,25.02,0.119,-0.103,0.63,-0.218,0.107,10.633
1.266,1.265,25.736,0.129,0.287,0.56,0.021,0.048,10.834
0.751,0.75,23.809,0.099,0.624,0.308,-0.03,0.064,8.459
0.471,0.47,23.023,0.089,-1.668,0.156,-0.078,0.032,10.788
0.553,0.552,23.488,0.09,-0.574,0.124,0.074,0.037,10.79
0.341,0.34,22.137,0.086,0.612,0.088,-0.004,0.022,9.356
0.811,0.81,24.234,0.106,-0.075,0.491,-0.015,0.066,10.032
0.761,0.76,24.032,0.095,-0.12,0.292,-0.041,0.052,10.432
0.246,0.246,21.506,0.086,-0.684,0.17,0.0,0.026,10.723
0.611,0.61,23.56,0.091,-0.831,0.149,-0.119,0.033,10.485
0.52,0.519,22.874,0.089,0.77,0.109,-0.141,0.027,9.554
0.471,0.47,23.532,0.088,-2.069,0.15,0.106,0.03,6.0
0.721,0.72,23.914,0.099,0.235,0.34,-0.071,0.066,9.3
0.25,0.25,21.864,0.086,-0.527,0.096,0.115,0.026,10.59
0.283,0.282,22.152,0.086,0.088,0.095,0.089,0.022,9.589
1.003,1.002,25.039,0.137,0.672,0.684,-0.016,0.075,9.48
0.371,0.3709,22.273,0.091,0.57,0.198,-0.054,0.033,10.198
0.818,0.817,24.272,0.102,1.19,0.45,-0.083,0.057,9.127
0.292,0.2912,21.961,0.093,0.761,0.173,0.116,0.035,10.211
0.42,0.419,22.938,0.088,-0.258,0.174,0.008,0.027,9.609
0.743,0.742,24.096,0.097,-0.43,0.363,-0.041,0.069,9.299
0.338,0.337,21.966,0.086,1.232,0.086,-0.019,0.023,9.287
0.719,0.718,23.724,0.095,-0.614,0.184,-0.138,0.052,10.815
0.737,0.736,23.692,0.094,0.774,0.18,-0.132,0.048,9.457
0.577,0.576,23.457,0.09,-1.366,0.152,-0.076,0.034,10.766
0.516,0.515,23.621,0.107,2.12,0.582,0.167,0.045,10.011
0.937,0.936,24.494,0.109,-0.192,0.301,-0.103,0.053,9.599
1.061,1.06,24.708,0.132,-0.953,0.413,-0.158,0.061,7.715
0.851,0.85,24.14,0.099,1.278,0.235,-0.145,0.05,10.62
0.911,0.91,24.654,0.112,-0.449,0.439,-0.146,0.059,6.0
0.984,0.983,24.983,0.142,-1.386,0.568,0.009,0.079,8.895
0.757,0.756,24.055,0.096,-1.003,0.277,-0.246,0.06,7.492
0.169,0.169,20.293,0.088,-1.464,0.193,-0.143,0.03,11.133
0.45,0.449,22.667,0.092,0.81,0.232,-0.086,0.038,10.695
0.801,0.8,24.208,0.099,0.087,0.275,0.121,0.065,6.0
0.462,0.461,22.975,0.087,-0.748,0.108,-0.046,0.025,10.777
0.481,0.48,22.949,0.088,-0.207,0.126,-0.029,0.025,11.222
0.452,0.451,23.242,0.088,-0.214,0.112,0.191,0.029,11.34
0.961,0.96,24.587,0.116,0.201,0.482,0.027,0.06,6.0
0.581,0.58,23.517,0.098,-0.458,0.398,-0.062,0.048,9.015
0.806,0.805,23.903,0.097,0.669,0.463,-0.161,0.049,9.839
0.806,0.805,24.394,0.106,-0.186,0.394,0.089,0.066,11.164
0.665,0.664,23.513,0.094,0.558,0.208,-0.175,0.05,9.004
0.823,0.822,24.373,0.1,-0.557,0.23,-0.125,0.059,11.111
0.746,0.745,23.92,0.095,0.939,0.232,-0.063,0.052,10.471
0.443,0.442,22.664,0.087,1.153,0.164,-0.026,0.023,10.46
0.58,0.579,23.295,0.089,1.489,0.208,0.002,0.029,8.832
0.219,0.219,20.852,0.085,0.699,0.063,-0.04,0.024,10.63
0.358,0.3578,22.516,0.086,-0.387,0.081,0.079,0.023,10.189
0.461,0.4607,22.575,0.096,1.862,0.565,-0.043,0.038,9.339
0.644,0.643,23.786,0.094,-0.205,0.205,-0.028,0.065,9.98
0.671,0.67,24.064,0.096,0.571,0.474,0.054,0.055,10.078
0.405,0.404,22.603,0.086,-0.385,0.081,-0.069,0.023,9.512
0.644,0.643,23.615,0.099,0.591,0.421,-0.063,0.065,8.442
0.649,0.648,23.975,0.093,-0.45,0.196,0.057,0.05,9.138
0.371,0.37,22.629,0.087,-0.893,0.121,0.049,0.023,8.008
0.767,0.766,24.299,0.104,0.502,0.423,-0.003,0.066,10.4
0.684,0.683,24.055,0.115,0.692,0.632,0.0,0.085,10.083
0.621,0.62,23.784,0.093,-0.677,0.195,-0.028,0.046,9.517
0.268,0.268,21.712,0.086,-0.072,0.054,0.048,0.022,9.55
0.356,0.3553,22.927,0.087,0.056,0.193,0.205,0.03,10.831
0.716,0.715,23.992,0.097,-0.806,0.294,-0.064,0.064,10.726
0.691,0.69,24.378,0.096,-0.154,0.359,0.177,0.062,9.459
0.263,0.263,21.666,0.086,-1.083,0.084,0.027,0.023,10.29
0.814,0.813,24.297,0.099,-0.269,0.284,-0.147,0.057,9.719
0.891,0.89,24.224,0.104,-0.725,0.457,-0.207,0.052,8.876
0.727,0.726,23.897,0.095,0.615,0.477,-0.072,0.053,8.709
0.761,0.76,23.907,0.101,0.551,0.692,-0.129,0.082,10.438
0.728,0.727,23.947,0.099,-0.795,0.407,-0.107,0.067,10.293
0.951,0.95,24.596,0.112,1.17,0.446,-0.137,0.054,9.882
0.902,0.901,24.408,0.111,0.902,0.389,-0.154,0.059,9.661
0.648,0.647,23.899,0.092,0.31,0.183,0.033,0.051,8.931
0.961,0.96,24.719,0.112,0.378,0.314,-0.159,0.051,6.0
0.601,0.6,23.845,0.094,0.178,0.346,0.106,0.041,10.873
0.037,0.0364,17.077,0.141,-0.639,0.114,-0.028,0.026,10.173
0.04,0.0407,16.947,0.142,1.204,0.445,-0.061,0.024,10.656
0.063,0.0644,17.798,0.14,1.849,0.293,-0.01,0.031,11.32
0.162,0.163,20.328,0.121,1.786,0.374,0.02,0.034,8.508
0.311,0.312,21.379,0.124,1.245,0.754,-0.096,0.051,9.113
0.261,0.262,21.261,0.117,1.298,0.381,-0.081,0.042,5.0
0.015,0.0157,15.065,0.154,-1.167,0.033,0.042,0.023,10.982
0.034,0.0346,16.969,0.14,0.879,0.068,0.074,0.022,10.781
0.022,0.0219,16.207,0.145,-1.518,0.066,0.049,0.021,10.843
0.054,0.0542,17.558,0.141,-1.597,0.284,-0.118,0.03,11.314
0.022,0.0222,15.971,0.146,0.936,0.152,0.122,0.029,10.645
0.034,0.034,16.764,0.139,-1.071,0.041,-0.113,0.019,10.6
0.02,0.0203,15.744,0.148,-1.005,0.077,-0.031,0.028,10.414
0.265,0.266,21.535,0.12,0.347,0.787,-0.022,0.047,11.053
0.056,0.0574,17.716,0.113,1.054,0.09,-0.029,0.024,9.571
0.192,0.1932,20.467,0.115,-0.793,0.604,-0.097,0.032,9.907
0.252,0.253,21.406,0.116,-0.218,0.302,-0.009,0.036,8.743
0.678,0.679,24.078,0.098,0.619,0.404,-0.039,0.067,8.647
0.72,0.721,23.899,0.096,0.391,0.357,-0.034,0.067,6.0
0.777,0.778,24.398,0.098,0.135,0.287,0.099,0.07,10.38
0.689,0.69,23.604,0.092,0.228,0.257,-0.108,0.05,8.851
0.638,0.639,24.012,0.101,-1.611,0.377,0.107,0.083,9.314
0.346,0.347,22.398,0.087,-1.155,0.113,-0.041,0.027,10.821
0.586,0.587,24.088,0.093,1.097,0.29,0.148,0.042,9.854
0.948,0.95,24.677,0.112,0.183,0.422,0.041,0.061,10.215
0.797,0.798,24.129,0.098,0.699,0.263,0.094,0.062,7.966
0.864,0.866,24.277,0.103,0.231,0.292,-0.142,0.059,11.043
0.565,0.566,23.285,0.09,1.23,0.223,-0.021,0.035,10.234
0.859,0.86,24.246,0.102,0.728,0.277,0.047,0.058,8.73
0.859,0.86,24.427,0.116,1.158,0.703,-0.137,0.08,8.911
0.849,0.85,24.295,0.101,1.151,0.276,-0.054,0.055,8.086
0.559,0.56,23.7,0.09,0.285,0.192,0.112,0.035,9.645
0.495,0.496,22.96,0.088,-0.729,0.102,-0.1,0.03,11.58
0.616,0.617,24.071,0.092,-0.095,0.234,0.109,0.039,9.724
0.866,0.868,24.354,0.106,0.376,0.348,-0.063,0.068,8.53
0.734,0.735,23.985,0.094,-1.345,0.223,-0.117,0.053,11.382
0.736,0.737,24.3,0.097,-1.464,0.302,-0.052,0.066,11.125
0.983,0.985,24.76,0.114,0.595,0.449,-0.099,0.059,9.769
0.841,0.842,24.254,0.101,1.862,0.369,-0.013,0.06,8.631
0.489,0.49,22.868,0.088,0.545,0.137,-0.068,0.027,7.466
0.262,0.263,21.19,0.087,1.38,0.12,-0.01,0.026,8.93
0.762,0.763,24.04,0.097,0.177,0.251,-0.057,0.053,6.0
0.701,0.702,23.858,0.094,0.137,0.297,-0.012,0.054,10.638
0.581,0.582,23.574,0.09,0.974,0.274,-0.025,0.037,9.169
0.767,0.768,24.132,0.097,0.906,0.244,-0.119,0.056,9.64
0.769,0.77,24.546,0.097,-0.334,0.339,0.085,0.064,10.418
0.913,0.915,24.344,0.105,-0.044,0.286,-0.161,0.052,9.397
0.21,0.211,21.057,0.086,-1.236,0.062,-0.003,0.025,10.635
0.435,0.436,22.556,0.087,0.828,0.21,-0.057,0.026,9.888
0.584,0.585,23.336,0.089,0.218,0.126,-0.063,0.03,9.929
0.584,0.585,23.564,0.092,-0.443,0.289,-0.066,0.034,10.623
0.799,0.8,24.51,0.102,-1.057,0.407,-0.056,0.065,10.651
0.514,0.515,23.573,0.09,0.986,0.196,0.103,0.036,9.808
0.563,0.564,23.507,0.09,-0.148,0.154,-0.009,0.032,9.316
0.631,0.632,23.701,0.092,-0.247,0.204,0.001,0.043,10.111
0.579,0.58,23.279,0.089,0.651,0.122,-0.045,0.031,9.416
0.559,0.56,24.149,0.093,0.658,0.296,0.133,0.041,8.425
0.662,0.6634,24.073,0.093,0.445,0.377,0.084,0.056,10.416
0.589,0.59,23.396,0.091,-0.067,0.207,-0.069,0.033,9.17
0.331,0.332,21.861,0.086,0.65,0.119,-0.018,0.024,10.391
0.829,0.83,24.362,0.101,2.292,0.344,-0.067,0.058,8.42
0.996,0.998,24.618,0.112,1.273,0.343,-0.131,0.051,9.034
0.503,0.5043,23.002,0.088,1.273,0.15,-0.012,0.03,9.517
0.558,0.559,23.522,0.09,-0.594,0.188,0.0,0.035,10.973
0.583,0.5842,23.273,0.09,0.265,0.159,-0.105,0.034,11.338
0.766,0.767,24.244,0.096,0.181,0.273,0.012,0.054,10.496
0.368,0.369,22.157,0.086,0.789,0.068,-0.092,0.022,8.199
0.611,0.612,23.285,0.093,-1.162,1.641,-0.095,0.05,9.715
0.859,0.86,24.622,0.106,0.414,0.447,0.075,0.074,10.379
0.316,0.3176,21.847,0.122,-2.282,0.561,-0.146,0.05,10.899
0.16,0.161,20.411,0.113,-0.149,0.158,0.006,0.027,5.0
0.113,0.114,19.114,0.112,1.734,0.521,-0.072,0.026,9.42
0.251,0.252,21.936,0.12,-1.339,0.584,0.082,0.047,10.996
0.267,0.268,21.207,0.116,0.323,0.313,-0.097,0.037,10.459
0.18,0.1807,21.152,0.12,0.48,0.538,0.093,0.039,9.975
0.203,0.204,20.759,0.115,-0.819,0.24,-0.109,0.034,5.0
0.182,0.1829,20.681,0.116,-0.237,0.268,0.036,0.034,10.532
0.153,0.154,20.209,0.114,0.894,0.206,0.036,0.027,10.731
0.281,0.282,21.439,0.118,0.315,0.405,-0.045,0.044,10.623
0.236,0.2374,21.462,0.118,-1.554,0.441,-0.095,0.041,11.103
0.18,0.1805,20.568,0.114,0.28,0.209,0.03,0.028,10.119
0.256,0.2571,21.318,0.12,-0.075,0.43,-0.007,0.043,11.229
0.307,0.308,21.832,0.127,0.154,0.525,-0.045,0.052,10.803
0.252,0.253,21.587,0.118,-0.624,0.491,0.066,0.043,10.556
0.364,0.365,22.06,0.128,-0.049,0.702,-0.171,0.056,10.679
0.192,0.193,20.644,0.114,0.396,0.285,-0.087,0.029,10.194
0.174,0.175,20.351,0.119,0.026,0.324,0.015,0.033,10.482
0.144,0.1447,20.046,0.112,0.911,0.123,0.038,0.022,10.129
0.202,0.203,20.556,0.117,0.781,0.308,-0.064,0.036,9.304
0.241,0.242,21.006,0.116,0.329,0.264,-0.141,0.037,10.417
0.362,0.363,22.096,0.133,0.32,0.77,-0.063,0.054,10.273
0.165,0.1655,20.244,0.113,0.152,0.191,-0.023,0.027,11.215
0.177,0.178,20.736,0.114,-0.296,0.205,0.025,0.03,9.039
0.245,0.246,21.379,0.12,-1.314,0.333,-0.086,0.046,10.306
0.279,0.2796,21.448,0.118,-0.186,0.425,-0.122,0.041,10.232
0.311,0.312,21.86,0.123,0.212,0.705,-0.034,0.05,10.609
0.247,0.248,21.057,0.115,-0.146,0.373,-0.154,0.036,10.809
0.148,0.148,19.597,0.112,0.676,0.123,-0.181,0.022,10.336
0.3,0.3011,21.707,0.119,-0.087,0.42,0.033,0.045,10.469
0.292,0.293,21.508,0.124,1.181,0.55,-0.005,0.046,10.19
0.248,0.2495,21.203,0.117,-0.285,0.307,-0.054,0.041,10.744
0.09,0.091,18.819,0.124,0.317,0.21,0.027,0.033,9.647
0.258,0.2593,21.62,0.12,0.244,0.475,0.041,0.047,11.196
0.157,0.1576,20.298,0.113,1.04,0.163,0.088,0.027,10.648
0.126,0.127,19.89,0.158,-0.332,0.315,-0.012,0.044,10.193
0.078,0.0794,19.24,0.114,0.643,0.149,0.111,0.024,10.562
0.136,0.1369,20.059,0.114,-0.348,0.145,0.06,0.027,11.041
0.194,0.195,21.065,0.118,-0.393,0.35,0.052,0.038,9.122
0.192,0.193,21.202,0.115,0.146,0.431,0.036,0.032,10.829
0.156,0.157,20.146,0.113,0.344,0.223,-0.032,0.025,5.0
0.277,0.2786,21.899,0.128,-1.043,0.574,-0.012,0.06,10.689
0.339,0.34,21.773,0.13,1.761,0.687,-0.077,0.052,9.382
0.198,0.199,20.775,0.115,0.03,0.256,-0.041,0.03,9.669
0.211,0.2124,21.204,0.116,0.088,0.382,0.12,0.035,10.314
0.174,0.1752,20.51,0.113,0.047,0.248,0.017,0.027,10.337
0.195,0.196,20.368,0.114,1.18,0.2,0.011,0.028,9.536
0.076,0.0769,18.228,0.112,1.204,0.103,-0.104,0.022,10.732
0.045,0.0459,17.323,0.111,0.74,0.026,-0.028,0.012,10.554
0.174,0.1749,20.452,0.112,-0.746,0.18,-0.098,0.026,11.26
0.129,0.13,19.929,0.114,-1.683,0.335,-0.032,0.03,10.95
0.196,0.1969,20.704,0.113,2.031,0.369,0.023,0.026,10.365
0.114,0.1151,19.173,0.113,-0.192,0.593,-0.086,0.027,8.332
0.214,0.215,21.111,0.118,0.569,0.818,0.035,0.041,10.213
0.092,0.0935,18.939,0.122,0.665,0.266,-0.025,0.032,10.581
0.242,0.243,21.801,0.122,-0.2,0.626,0.139,0.046,10.402
0.16,0.1615,20.254,0.114,1.392,0.194,0.081,0.028,11.15
0.191,0.192,20.425,0.113,0.948,0.198,-0.046,0.025,9.965
0.134,0.135,19.608,0.112,0.883,0.104,-0.059,0.022,9.879
0.08,0.081,19.02,0.112,-0.069,0.085,0.07,0.021,10.081
0.234,0.235,20.863,0.119,1.013,0.666,-0.07,0.043,5.0
0.164,0.165,20.274,0.114,-1.408,0.376,-0.106,0.03,10.761
0.16,0.1611,20.351,0.113,-0.522,0.181,0.021,0.025,9.724
0.114,0.115,19.719,0.113,1.053,0.621,0.04,0.03,10.477
0.055,0.056,18.011,0.113,-1.889,0.176,-0.035,0.023,10.408
0.315,0.316,21.289,0.119,0.849,0.677,-0.092,0.04,8.777
0.37,0.3715,21.893,0.139,-0.648,0.65,-0.195,0.063,11.162
0.19,0.1908,20.95,0.114,-0.538,0.377,0.068,0.029,10.377
0.164,0.1647,20.518,0.114,-0.753,0.213,0.057,0.031,10.709
0.059,0.0592,18.196,0.111,-2.366,0.118,-0.044,0.018,11.323
0.228,0.229,21.001,0.116,-0.794,0.516,-0.088,0.041,5.0
0.238,0.239,20.859,0.116,0.664,0.28,-0.124,0.037,10.134
0.108,0.1086,19.592,0.112,0.014,0.281,0.032,0.024,10.73
0.313,0.314,21.595,0.118,0.721,0.599,-0.088,0.044,8.394
0.184,0.1854,20.642,0.113,0.175,0.256,-0.044,0.026,10.149
0.123,0.1241,19.555,0.13,-1.341,0.599,-0.08,0.03,11.407
0.169,0.17,20.89,0.116,-2.457,0.261,0.016,0.037,10.655
0.331,0.332,21.963,0.126,0.245,0.637,-0.056,0.054,8.717
0.269,0.27,21.597,0.118,0.139,0.489,-0.048,0.042,5.0
0.106,0.1073,19.225,0.112,0.75,0.12,-0.003,0.021,10.69
0.366,0.367,22.136,0.137,-0.146,0.829,-0.111,0.068,10.504
0.174,0.175,20.243,0.113,0.12,0.189,-0.05,0.024,10.71
0.096,0.097,19.773,0.113,-2.31,0.224,0.07,0.025,9.507
0.164,0.1656,20.26,0.113,0.523,0.188,0.006,0.024,9.373
0.217,0.218,20.71,0.115,0.902,0.254,-0.109,0.035,8.005
0.331,0.3324,22.092,0.136,0.953,0.714,0.091,0.058,8.479
0.119,0.1198,20.542,0.127,-2.724,0.288,0.255,0.048,10.684
0.25,0.2517,21.338,0.116,1.418,0.338,-0.03,0.035,9.042
0.287,0.288,21.605,0.12,0.478,0.548,-0.121,0.043,9.203
0.064,0.0653,18.348,0.113,-1.202,0.187,0.01,0.025,10.531
0.267,0.268,21.323,0.121,0.941,0.406,-0.044,0.046,10.406
0.044,0.0454,17.546,0.114,-0.162,0.047,0.091,0.023,10.513
0.298,0.299,21.846,0.131,-2.485,0.545,-0.059,0.058,9.519
0.192,0.193,20.741,0.114,-0.019,0.551,-0.026,0.032,8.82
0.211,0.212,21.023,0.116,1.12,0.32,-0.031,0.038,10.533
0.085,0.0864,18.765,0.112,-0.145,0.071,-0.043,0.02,10.395
0.075,0.076,18.412,0.11,0.684,0.053,-0.014,0.014,10.182
0.037,0.0381,18.13,0.114,-2.863,0.216,0.229,0.02,5.0
0.123,0.124,19.618,0.112,-0.347,0.127,-0.038,0.024,9.842
0.19,0.1914,20.633,0.114,1.126,0.267,-0.039,0.03,10.957
0.215,0.216,20.73,0.114,1.114,0.263,-0.025,0.032,10.047
0.227,0.228,21.439,0.119,-1.55,0.369,0.033,0.043,10.711
0.22,0.2211,20.944,0.115,-0.088,0.258,-0.068,0.035,10.585
0.063,0.0628,18.04,0.112,1.183,0.077,0.041,0.023,9.74
0.199,0.2,20.49,0.114,1.032,0.297,-0.098,0.027,5.0
0.246,0.247,21.152,0.115,0.07,0.489,-0.048,0.038,9.565
0.107,0.1085,19.338,0.112,0.164,0.126,0.066,0.021,10.139
0.244,0.2449,20.935,0.113,-0.241,0.208,-0.162,0.032,10.944
0.187,0.188,21.077,0.114,-1.441,0.374,0.066,0.033,10.876
0.114,0.1149,19.675,0.112,-0.735,0.133,0.06,0.022,10.764
0.205,0.206,20.719,0.115,-0.64,0.227,-0.112,0.035,10.443
0.227,0.228,21.068,0.116,-0.246,0.366,-0.04,0.036,8.902
0.135,0.1363,20.462,0.113,0.9,0.204,0.128,0.027,10.399
0.156,0.157,20.174,0.112,-0.035,0.126,0.025,0.022,10.454
0.264,0.2654,21.372,0.118,0.532,0.42,-0.029,0.047,8.822
0.197,0.198,20.999,0.119,-0.446,0.294,-0.03,0.037,9.567
0.188,0.189,21.112,0.118,-0.57,0.692,0.149,0.045,10.772
0.281,0.282,21.478,0.123,1.523,0.427,0.03,0.041,9.919
0.083,0.0843,19.386,0.115,-1.832,0.188,0.036,0.027,10.955
0.107,0.108,19.481,0.113,-0.107,0.203,-0.004,0.024,10.509
0.072,0.0728,18.172,0.158,-1.467,0.368,-0.121,0.058,10.813
0.145,0.146,20.257,0.112,0.723,0.185,-0.007,0.024,9.779
0.117,0.1178,19.419,0.113,-0.021,0.161,-0.066,0.023,9.011
0.171,0.172,20.557,0.115,1.82,0.284,0.15,0.031,10.466
0.232,0.233,21.099,0.119,0.772,0.519,0.035,0.039,9.324
0.264,0.265,21.267,0.116,-1.685,0.524,-0.111,0.043,5.0
0.219,0.22,20.967,0.115,-0.944,0.214,-0.049,0.034,10.15
0.199,0.2,20.711,0.116,-0.007,0.254,-0.084,0.035,9.139
0.249,0.25,21.128,0.116,0.28,0.43,-0.097,0.038,5.0
0.254,0.255,21.278,0.121,0.393,0.369,-0.055,0.044,11.019
0.246,0.247,21.379,0.118,0.725,0.491,0.061,0.044,11.334
0.145,0.1468,20.283,0.114,-1.607,0.676,0.075,0.033,9.291
0.257,0.258,21.307,0.126,0.116,0.663,-0.081,0.049,8.871
0.213,0.214,21.246,0.117,0.141,0.294,0.014,0.039,9.741
0.186,0.187,20.774,0.114,-0.17,0.214,0.045,0.03,5.0
0.223,0.2247,20.942,0.116,0.634,0.288,-0.045,0.036,10.904
0.234,0.2352,20.793,0.116,1.185,0.581,-0.092,0.036,11.563
0.246,0.2477,21.075,0.115,0.625,0.246,-0.078,0.035,10.462
0.364,0.366,22.3,0.132,0.66,0.838,-0.102,0.06,11.25
0.221,0.2221,21.521,0.12,-2.265,0.354,0.085,0.048,10.5
0.246,0.247,21.092,0.116,0.081,0.567,0.053,0.041,8.864
0.151,0.152,20.404,0.114,-2.565,0.551,-0.009,0.031,10.684
0.206,0.207,20.662,0.114,0.259,0.244,0.008,0.029,9.363
0.148,0.1497,19.741,0.114,-0.845,0.332,-0.155,0.029,10.821
0.369,0.371,22.21,0.131,-1.193,0.603,-0.221,0.051,10.479
0.275,0.277,21.533,0.127,0.276,0.625,-0.016,0.054,10.64
0.293,0.2944,21.784,0.119,0.576,0.658,0.031,0.046,9.603
0.059,0.06,17.862,0.115,1.071,0.121,-0.05,0.026,8.744
0.103,0.1047,19.374,0.112,-1.413,0.069,-0.057,0.021,11.161
0.215,0.216,20.885,0.114,-0.183,0.278,-0.098,0.033,8.474
0.155,0.1564,20.386,0.118,-0.606,0.245,-0.052,0.034,9.701
0.32,0.322,21.538,0.117,0.677,0.579,-0.17,0.04,8.949
0.391,0.393,22.096,0.149,0.145,0.849,-0.135,0.07,11.14
0.155,0.1561,19.867,0.112,1.893,0.198,-0.049,0.022,8.939
0.12,0.121,19.649,0.112,0.253,0.097,0.005,0.022,8.749
0.25,0.2516,20.967,0.117,1.161,0.379,-0.148,0.038,10.449
0.12,0.121,20.32,0.113,0.743,0.166,0.166,0.027,9.6
0.378,0.38,22.422,0.135,-0.961,0.712,-0.25,0.061,11.371
0.258,0.2595,21.525,0.117,0.455,0.634,0.036,0.043,9.208
0.263,0.265,21.15,0.116,0.99,0.318,-0.171,0.04,9.007
0.139,0.14,19.983,0.119,0.837,0.363,-0.068,0.029,8.2
0.254,0.255,21.385,0.124,-1.04,0.379,-0.172,0.05,10.917
0.154,0.155,20.241,0.115,0.16,0.22,-0.043,0.028,9.261
0.198,0.1994,20.949,0.115,-1.339,0.278,0.011,0.034,11.26
0.155,0.156,19.97,0.172,-0.197,0.42,-0.122,0.066,10.642
0.38,0.3819,22.2,0.138,-1.51,0.873,-0.206,0.085,10.689
0.212,0.2132,21.775,0.125,-1.88,0.548,0.045,0.057,9.752
0.223,0.224,21.024,0.115,0.685,0.287,-0.033,0.037,8.926
0.294,0.296,22.401,0.141,1.173,0.944,0.173,0.071,10.19
0.13,0.1308,20.117,0.112,0.679,0.107,0.147,0.023,10.414
0.212,0.213,20.831,0.114,0.077,0.235,-0.02,0.032,8.975
0.014,0.015,14.844,0.157,-0.014,0.208,0.05,0.038,10.156
0.049,0.0499,17.076,0.139,0.749,0.121,-0.038,0.028,7.892
0.089,0.0902,19.115,0.113,-0.548,0.079,0.049,0.023,10.171
0.279,0.2807,21.551,0.119,-1.52,0.54,-0.017,0.046,11.251
0.252,0.254,21.349,0.127,0.872,0.594,0.016,0.051,8.58
0.211,0.212,20.792,0.114,0.42,0.264,-0.015,0.033,9.864
0.183,0.184,20.273,0.112,0.809,0.211,-0.105,0.024,9.398
0.149,0.15,19.97,0.112,0.509,0.287,-0.098,0.025,9.512
0.088,0.0892,18.826,0.113,-0.319,0.24,-0.051,0.024,11.214
0.285,0.287,21.594,0.119,1.352,0.6,-0.065,0.044,5.0
0.183,0.1847,21.109,0.118,-0.657,0.328,0.16,0.038,10.339
0.197,0.1985,20.348,0.116,0.949,0.275,-0.145,0.028,9.999
0.225,0.226,21.146,0.123,0.273,0.526,-0.081,0.046,9.496
0.104,0.1052,19.26,0.112,0.849,0.181,0.056,0.024,11.288
0.176,0.177,20.293,0.113,1.225,0.237,-0.039,0.025,5.0
0.177,0.178,20.397,0.164,1.958,0.536,-0.137,0.077,8.963
0.295,0.297,22.242,0.134,-2.427,0.683,0.046,0.071,11.16
0.122,0.123,19.946,0.112,-0.835,0.137,-0.022,0.024,8.828
0.178,0.179,20.428,0.115,-0.76,0.402,-0.085,0.031,10.015
0.081,0.0827,18.916,0.112,-0.332,0.061,-0.005,0.02,9.793
0.328,0.33,21.645,0.134,1.18,0.621,-0.018,0.054,11.042
0.183,0.184,20.474,0.114,-0.873,0.51,-0.073,0.032,10.141
0.287,0.289,21.263,0.119,1.099,0.429,-0.167,0.042,5.0
0.187,0.188,20.477,0.122,0.132,0.87,-0.025,0.053,9.648
0.109,0.1106,19.474,0.112,-1.914,0.157,-0.095,0.024,10.31
0.282,0.284,21.511,0.117,-1.291,0.515,-0.15,0.046,10.88
0.118,0.1191,19.052,0.112,0.79,0.096,-0.101,0.022,10.95
0.144,0.145,19.838,0.112,0.789,0.116,-0.019,0.022,10.018
0.118,0.1191,20.04,0.113,-1.54,0.224,0.075,0.028,11.013
0.334,0.336,21.862,0.133,1.029,0.735,-0.064,0.056,10.107
0.243,0.245,21.412,0.118,-0.03,0.582,0.009,0.044,10.6
0.275,0.277,21.521,0.12,0.798,0.509,0.002,0.044,9.604
0.177,0.178,20.505,0.113,0.83,0.231,-0.037,0.028,10.865
0.209,0.21,20.762,0.114,1.026,0.284,-0.031,0.032,5.0
0.246,0.248,20.846,0.115,0.273,0.85,-0.142,0.04,9.769
0.249,0.251,21.853,0.131,2.337,0.726,0.206,0.058,10.727
0.13,0.131,20.554,0.114,0.129,0.277,0.155,0.03,8.635
0.309,0.3109,22.131,0.137,-1.964,0.626,0.004,0.07,11.226
0.331,0.333,22.048,0.135,-0.983,0.719,-0.114,0.067,10.137
0.103,0.104,19.206,0.113,1.419,0.146,-0.023,0.023,5.0
0.302,0.304,22.055,0.119,-0.477,0.601,0.011,0.044,10.494
0.044,0.0454,17.532,0.115,-0.953,0.402,0.057,0.025,9.998
0.181,0.182,20.674,0.118,-0.137,0.469,0.052,0.034,10.414
0.289,0.2903,21.563,0.124,-0.762,0.519,-0.111,0.053,10.949
0.32,0.322,22.008,0.128,-0.256,0.882,-0.022,0.057,9.922
0.127,0.1288,20.104,0.113,0.879,0.217,0.157,0.027,10.98
0.183,0.184,20.599,0.115,0.503,0.303,-0.04,0.032,9.52
0.057,0.0578,17.78,0.122,0.864,0.782,0.028,0.032,9.93
0.328,0.33,22.19,0.137,-0.708,0.819,-0.1,0.069,10.51
0.09,0.0914,18.478,0.112,0.284,0.194,-0.146,0.021,8.529
0.197,0.198,21.018,0.118,-0.344,0.302,0.004,0.037,5.0
0.177,0.178,20.913,0.114,-2.079,0.216,-0.046,0.03,10.812
0.224,0.225,21.237,0.117,0.742,0.297,0.029,0.036,10.714
0.3,0.302,21.669,0.126,-0.602,0.897,0.045,0.055,11.404
0.256,0.2576,21.538,0.125,-0.623,0.675,-0.027,0.052,11.13
0.21,0.211,21.865,0.131,-0.978,0.56,0.26,0.057,10.36
0.206,0.207,20.613,0.114,-0.458,0.44,-0.122,0.033,9.938
0.207,0.2085,21.801,0.117,-1.246,0.454,0.094,0.04,11.143
0.134,0.135,20.091,0.114,0.916,0.182,0.062,0.028,9.408
0.181,0.182,20.907,0.117,-0.682,0.492,0.022,0.039,10.682
0.328,0.33,21.823,0.124,-0.041,0.547,-0.029,0.048,10.93
0.401,0.403,21.992,0.135,0.175,0.891,-0.105,0.061,10.274
0.27,0.272,21.679,0.119,-1.948,0.771,-0.062,0.048,9.611
0.159,0.1603,19.938,0.145,-0.385,0.343,-0.142,0.041,10.628
0.143,0.144,19.709,0.112,0.594,0.119,-0.095,0.024,9.77
0.25,0.2512,21.021,0.12,-0.629,0.364,-0.15,0.048,10.831
0.218,0.219,21.085,0.119,1.079,0.39,0.085,0.04,10.62
0.38,0.3821,21.981,0.125,-1.213,0.759,-0.091,0.061,10.799
0.213,0.2144,20.82,0.121,0.752,0.463,-0.023,0.041,10.732
0.106,0.1072,19.371,0.112,-0.673,0.093,0.021,0.022,10.383
0.229,0.2306,21.093,0.122,0.392,0.39,-0.013,0.043,10.027
0.288,0.29,20.86,0.117,-0.872,0.78,-0.187,0.042,10.996
0.255,0.2569,21.432,0.13,-0.361,0.567,-0.021,0.058,10.864
0.257,0.2587,21.466,0.122,0.432,0.549,0.008,0.05,10.821
0.206,0.207,20.82,0.115,0.083,0.339,-0.059,0.034,10.164
0.178,0.1795,20.91,0.117,0.041,0.391,-0.028,0.036,9.548
0.12,0.121,19.579,0.112,-0.014,0.128,-0.068,0.022,9.624
0.146,0.147,20.358,0.114,0.82,0.373,0.013,0.031,9.317
0.118,0.119,19.196,0.112,0.743,0.185,-0.126,0.022,9.46
0.17,0.1717,20.135,0.112,0.86,0.2,-0.09,0.023,10.118
0.22,0.221,21.281,0.12,-1.621,0.436,0.08,0.046,10.324
0.25,0.2511,21.547,0.118,1.619,0.367,0.005,0.039,8.578
0.274,0.276,21.437,0.118,-0.707,0.476,-0.049,0.045,10.276
0.229,0.2304,20.807,0.116,0.906,0.268,-0.091,0.036,9.397
0.249,0.25,20.953,0.116,0.651,0.314,-0.055,0.038,10.824
0.103,0.1042,19.157,0.114,-0.005,0.281,-0.087,0.027,10.955
0.07,0.0719,18.412,0.111,0.548,0.213,0.079,0.021,10.327
0.294,0.295,21.355,0.12,0.469,0.54,-0.007,0.045,9.254
0.153,0.1543,19.761,0.112,1.068,0.147,-0.133,0.022,9.218
0.171,0.172,20.782,0.115,-1.918,0.297,0.041,0.035,5.0
0.204,0.2054,20.912,0.114,-0.34,0.173,-0.033,0.032,10.284
0.309,0.3108,21.576,0.12,0.393,0.51,-0.142,0.042,9.326
0.113,0.114,19.406,0.112,0.885,0.116,-0.043,0.022,8.825
0.28,0.281,21.35,0.122,0.694,0.462,-0.03,0.043,8.814
0.201,0.202,20.955,0.121,-1.767,0.373,-0.031,0.043,11.17
0.179,0.18,20.359,0.113,-0.162,0.208,-0.1,0.026,10.186
0.277,0.278,21.365,0.126,0.208,0.835,-0.041,0.051,10.14
0.202,0.2037,20.782,0.118,0.722,0.381,-0.021,0.039,8.835
0.016,0.0158,14.683,0.152,0.097,0.018,-0.133,0.018,9.95
0.126,0.1278,19.809,0.119,1.401,0.317,0.071,0.032,10.155
0.218,0.2197,21.161,0.115,-0.08,0.272,0.022,0.033,9.44
0.221,0.222,20.764,0.138,0.525,1.38,-0.051,0.051,5.0
0.26,0.2616,21.301,0.123,1.392,0.545,-0.106,0.048,10.403
0.21,0.211,20.739,0.115,-1.073,0.868,-0.148,0.041,9.907
0.284,0.285,21.246,0.118,0.704,0.625,-0.11,0.044,10.045
0.217,0.2184,21.069,0.125,-1.396,0.37,-0.142,0.056,11.817
0.277,0.279,21.739,0.137,0.248,0.692,-0.187,0.061,8.946
0.2,0.201,20.85,0.115,1.115,0.31,0.018,0.033,10.014
0.174,0.175,20.549,0.114,1.15,0.253,-0.024,0.029,8.651
0.061,0.0626,17.836,0.111,0.909,0.153,-0.041,0.016,8.985
0.273,0.274,21.161,0.114,1.423,0.314,-0.073,0.035,10.405
0.166,0.1669,20.412,0.118,-1.019,0.299,0.037,0.035,11.085
0.249,0.25,21.303,0.117,1.243,0.405,0.0,0.042,10.483
0.309,0.3106,21.797,0.122,-0.673,0.833,-0.139,0.048,10.734
0.235,0.2361,21.13,0.117,-1.346,0.544,-0.09,0.044,10.525
0.171,0.172,20.78,0.115,1.13,0.372,0.058,0.033,9.793
0.21,0.2116,21.643,0.129,-1.604,0.465,0.131,0.056,10.39
0.18,0.181,20.567,0.113,0.028,0.308,-0.021,0.029,10.365
0.144,0.1453,19.97,0.115,0.872,0.255,0.001,0.028,9.998
0.195,0.196,20.622,0.114,0.161,0.494,0.034,0.032,11.031
0.261,0.262,21.218,0.12,-0.959,0.448,-0.119,0.049,11.028
0.219,0.22,20.773,0.115,0.204,0.594,-0.097,0.033,9.762
0.247,0.248,20.666,0.114,-0.339,0.2,-0.139,0.033,10.28
0.12,0.1217,20.21,0.113,-0.303,0.2,0.141,0.028,10.629
0.141,0.1426,20.084,0.113,1.154,0.317,0.031,0.026,9.7
0.197,0.1983,20.684,0.114,-0.774,0.223,-0.071,0.032,10.796
0.209,0.2104,20.592,0.116,0.801,0.261,-0.068,0.033,10.402
0.137,0.1379,20.269,0.113,-0.229,0.199,0.094,0.028,10.567
0.205,0.2064,21.182,0.131,-0.678,0.48,-0.017,0.054,11.251
0.215,0.2164,21.433,0.12,-0.316,0.388,-0.022,0.046,9.67
0.246,0.247,21.327,0.12,-1.062,0.392,0.028,0.047,10.482
0.146,0.147,19.801,0.112,1.044,0.206,-0.005,0.025,5.0
0.168,0.1694,20.174,0.117,-0.58,0.345,-0.062,0.032,10.467
0.123,0.1242,19.971,0.12,-0.873,0.236,0.057,0.035,10.428
0.22,0.221,20.856,0.116,1.253,0.342,-0.04,0.035,9.62
0.145,0.146,20.467,0.114,-1.923,0.195,0.038,0.032,8.378
0.297,0.2983,21.382,0.118,0.079,0.535,-0.096,0.042,10.509
0.353,0.355,21.771,0.125,0.552,0.768,-0.066,0.055,5.0
0.13,0.131,19.866,0.114,-1.624,0.175,-0.087,0.028,10.832
0.149,0.1504,19.972,0.112,1.117,0.165,-0.027,0.023,9.589
0.015,0.0151,15.489,0.154,-0.698,0.035,0.148,0.019,10.934
0.025,0.0259,15.798,0.143,-0.658,0.116,-0.061,0.026,9.705
0.16,0.1619,20.36,0.113,-0.229,0.15,0.016,0.027,8.995
0.085,0.0865,18.717,0.128,-0.471,0.186,-0.087,0.035,10.83
0.326,0.328,21.645,0.119,0.909,0.762,-0.073,0.042,10.755
0.035,0.036,16.665,0.141,-0.028,0.134,-0.01,0.028,10.43
0.011,0.0116,14.557,0.169,-0.316,0.184,0.054,0.023,10.47
0.024,0.0241,16.15,0.143,-1.29,0.114,-0.002,0.023,10.589
0.024,0.024,16.068,0.144,0.761,0.046,0.052,0.026,6.0
0.03,0.0308,16.85,0.142,-0.334,0.176,-0.031,0.026,6.0
0.032,0.031,16.581,0.141,-1.381,0.064,-0.048,0.027,10.736
0.03,0.03,16.684,0.141,-1.233,0.147,-0.042,0.023,10.946
0.013,0.013,14.883,0.159,-0.925,0.057,0.047,0.021,10.286
0.015,0.0149,14.835,0.154,-1.282,0.032,-0.13,0.022,10.843
0.126,0.1266,20.043,0.113,-0.969,0.14,0.106,0.028,9.881
0.194,0.1949,20.982,0.117,0.35,0.361,0.072,0.035,10.634
0.132,0.133,20.147,0.112,0.248,0.143,-0.001,0.024,8.938
0.143,0.1437,19.815,0.112,0.863,0.133,-0.049,0.023,9.918
0.3,0.3009,21.702,0.129,0.261,0.553,-0.031,0.055,8.701
0.067,0.0671,18.64,0.113,-0.421,0.108,0.108,0.025,9.944
0.13,0.131,19.653,0.147,-0.839,0.287,-0.198,0.05,10.785
0.159,0.1599,19.908,0.112,0.971,0.165,-0.006,0.023,10.398
0.118,0.119,19.437,0.112,1.291,0.112,-0.047,0.022,8.922
0.177,0.1771,20.179,0.113,0.225,0.14,-0.118,0.025,9.807
0.181,0.1814,20.579,0.118,0.283,0.417,0.015,0.037,11.24
0.218,0.219,21.099,0.116,0.501,0.367,-0.003,0.037,9.888
0.306,0.307,21.734,0.127,-0.084,0.592,-0.087,0.056,10.901
0.037,0.0371,17.321,0.115,-0.728,0.077,0.06,0.022,9.099
0.123,0.1232,19.509,0.112,0.758,0.109,-0.013,0.022,10.535
0.291,0.292,21.542,0.121,0.64,0.499,-0.044,0.046,9.565
0.244,0.2451,20.798,0.115,1.038,0.301,-0.08,0.035,8.91
0.124,0.125,19.954,0.113,0.657,0.429,0.044,0.029,10.124
0.278,0.279,21.278,0.117,1.316,0.411,-0.088,0.039,10.63
0.18,0.1811,20.229,0.113,-0.309,0.169,-0.069,0.026,10.514
0.181,0.1819,20.192,0.112,1.561,0.181,-0.041,0.024,10.223
0.116,0.117,19.463,0.112,1.194,0.134,-0.016,0.022,8.604
0.29,0.291,21.341,0.117,-0.094,0.757,-0.124,0.039,5.0
0.127,0.1278,19.701,0.112,0.248,0.144,-0.028,0.022,10.246
0.213,0.214,21.241,0.118,-0.59,0.377,0.113,0.04,10.489
0.176,0.177,20.591,0.113,0.47,0.242,-0.012,0.027,10.706
0.117,0.1181,19.785,0.113,-0.083,0.115,0.04,0.024,10.574
0.268,0.269,21.594,0.122,-1.096,0.456,-0.073,0.049,9.986
0.212,0.213,21.093,0.115,-0.176,0.241,0.031,0.033,10.726
0.129,0.1298,20.337,0.116,-2.529,0.2,0.051,0.037,10.456
0.128,0.129,19.748,0.112,-1.173,0.179,-0.077,0.024,10.933
0.211,0.2115,20.481,0.114,1.125,0.266,-0.058,0.032,10.943
0.245,0.246,20.754,0.114,1.113,0.264,-0.109,0.034,5.0
0.027,0.0263,15.923,0.141,-0.449,0.028,-0.118,0.019,11.025
0.03,0.0294,16.215,0.142,0.143,0.101,-0.124,0.04,10.976
0.014,0.0139,15.639,0.155,-1.163,0.108,0.205,0.02,10.358
0.017,0.0167,14.998,0.149,0.153,0.019,-0.105,0.018,8.933
0.078,0.077,18.421,0.138,0.601,0.225,-0.055,0.032,6.0
0.025,0.0232,16.312,0.145,-1.526,0.118,0.057,0.031,11.038
0.039,0.038,16.774,0.14,2.022,0.127,-0.049,0.027,7.256
0.742,0.74,24.094,0.103,0.358,0.4,-0.202,0.071,10.991
0.452,0.45,22.903,0.088,-1.588,0.173,0.028,0.034,10.246
0.746,0.7441,23.856,0.096,0.789,0.314,-0.024,0.053,6.0
0.359,0.357,22.425,0.086,0.094,0.102,0.061,0.026,8.386
0.35,0.348,22.51,0.09,-1.797,0.126,0.085,0.03,10.96
0.185,0.184,20.759,0.086,-0.075,0.048,0.001,0.024,9.21
0.554,0.552,23.411,0.092,0.012,0.398,-0.032,0.038,11.193
0.576,0.574,23.653,0.092,0.172,0.271,0.034,0.036,10.244
0.125,0.124,19.752,0.086,-0.357,0.055,-0.019,0.025,9.74
0.444,0.442,22.995,0.092,-1.632,0.248,-0.014,0.039,10.905
0.352,0.35,22.685,0.086,-0.674,0.164,0.037,0.025,10.977
0.523,0.521,23.329,0.089,1.14,0.202,0.018,0.036,9.326
0.371,0.369,22.463,0.096,-0.862,0.218,-0.014,0.035,10.809
0.702,0.7,23.958,0.095,0.509,0.311,-0.013,0.051,8.033
0.736,0.734,24.384,0.105,0.32,0.467,0.099,0.07,9.761
0.622,0.62,23.581,0.092,-0.297,0.57,-0.044,0.048,7.542
0.922,0.92,24.664,0.117,-0.434,0.622,0.027,0.094,10.277
0.512,0.51,22.907,0.089,1.238,0.221,-0.117,0.029,7.738
0.325,0.323,21.993,0.086,-0.147,0.085,-0.04,0.022,10.098
0.838,0.836,24.338,0.114,-1.314,1.142,-0.09,0.083,9.642
0.476,0.474,22.715,0.088,-0.007,0.124,-0.104,0.025,8.838
0.926,0.924,24.811,0.111,1.139,0.646,0.056,0.068,8.557
0.842,0.84,24.283,0.112,1.261,0.69,-0.059,0.073,9.051
0.642,0.64,23.678,0.093,-0.211,0.215,-0.103,0.054,9.997
0.592,0.59,23.386,0.09,1.581,0.174,0.023,0.034,9.097
0.419,0.417,22.469,0.088,1.143,0.165,-0.013,0.025,8.815
0.355,0.3537,22.387,0.088,1.277,0.187,0.014,0.025,8.657
0.501,0.499,23.277,0.089,0.471,0.277,0.005,0.032,8.617
0.533,0.531,23.313,0.09,1.278,0.354,0.049,0.032,9.808
0.632,0.63,23.606,0.098,-0.931,0.247,0.078,0.067,10.977
0.61,0.608,23.928,0.092,0.149,0.375,0.064,0.042,9.418
0.759,0.757,24.107,0.096,1.513,0.307,-0.013,0.052,9.054
0.702,0.7,24.227,0.1,-1.908,0.419,0.041,0.085,6.0
0.417,0.415,22.547,0.087,0.385,0.128,-0.05,0.028,10.235
0.536,0.534,22.992,0.091,0.881,0.271,-0.056,0.032,8.676
0.429,0.427,23.397,0.089,0.901,0.192,0.159,0.029,9.534
0.534,0.532,23.455,0.095,-0.552,0.327,0.082,0.05,10.87
0.893,0.891,24.576,0.106,1.324,0.493,-0.028,0.063,9.413
0.932,0.93,24.775,0.13,0.258,0.959,0.023,0.093,7.908
0.7,0.698,24.456,0.097,-2.642,0.471,0.006,0.07,10.941
0.515,0.513,23.777,0.09,1.541,0.225,0.156,0.035,9.548
0.983,0.981,24.667,0.115,1.177,0.468,-0.036,0.059,10.595
0.481,0.479,22.671,0.088,1.124,0.112,-0.054,0.025,11.153
0.734,0.732,24.212,0.103,-1.352,0.413,-0.141,0.086,8.834
0.922,0.92,24.38,0.118,-0.311,0.475,-0.138,0.063,9.144
0.735,0.733,24.001,0.096,0.836,0.315,-0.076,0.058,10.875
0.872,0.87,24.427,0.119,-0.743,0.582,-0.196,0.058,6.0
0.682,0.68,23.499,0.094,0.541,0.258,-0.151,0.05,6.0
0.35,0.348,22.228,0.087,-0.09,0.139,-0.075,0.026,9.287
0.822,0.82,24.189,0.105,2.0,0.924,-0.005,0.076,11.326
0.069,0.0678,18.394,0.145,-1.409,0.273,-0.12,0.036,10.249
0.02,0.0196,15.542,0.145,-1.388,0.03,-0.097,0.02,11.18
0.033,0.0323,17.37,0.143,-0.987,0.239,0.173,0.029,10.446
0.065,0.064,18.095,0.14,0.646,0.209,-0.045,0.029,7.989
0.028,0.0254,16.068,0.144,0.744,0.394,-0.093,0.043,10.389
0.047,0.0459,17.453,0.137,1.334,0.058,0.078,0.02,10.225
0.025,0.0231,15.866,0.142,0.397,0.056,-0.033,0.019,10.157
0.022,0.0213,15.719,0.145,0.431,0.069,-0.038,0.021,11.212
0.023,0.0223,16.025,0.144,0.353,0.075,0.097,0.022,10.103
0.019,0.0181,15.893,0.149,-2.724,0.099,0.027,0.028,11.117
0.022,0.0208,15.902,0.146,-1.224,0.081,-0.014,0.029,10.814
0.033,0.031,17.001,0.14,0.399,0.136,0.073,0.023,9.35
0.016,0.015,14.557,0.153,0.917,0.078,-0.038,0.022,10.842
0.016,0.0152,14.78,0.155,0.222,0.189,-0.065,0.031,10.452
0.138,0.1392,19.659,0.112,0.68,0.144,-0.079,0.022,8.724
0.146,0.1472,20.062,0.117,1.887,0.405,0.022,0.032,10.785
0.199,0.2,20.52,0.124,-0.444,0.715,-0.076,0.046,10.07
0.152,0.153,19.681,0.112,0.507,0.14,-0.13,0.023,9.275
0.094,0.095,19.177,0.114,-1.123,0.13,-0.085,0.025,10.016
0.174,0.175,21.032,0.122,-1.454,0.358,0.114,0.044,11.175
0.183,0.184,20.867,0.115,1.016,0.333,0.073,0.032,10.083
0.186,0.187,20.479,0.115,0.747,0.26,-0.062,0.029,11.56
0.38,0.3812,21.923,0.119,1.317,0.633,-0.103,0.043,11.183
0.094,0.0951,18.639,0.113,1.272,0.196,-0.111,0.022,8.774
0.306,0.307,21.588,0.146,-1.955,0.844,-0.058,0.072,10.972
0.163,0.164,20.751,0.114,-1.192,0.513,0.024,0.032,5.0
0.014,0.014,14.686,0.158,-1.295,0.071,-0.093,0.023,11.114
0.145,0.1464,20.061,0.119,0.716,0.441,0.015,0.038,10.704
0.242,0.243,20.842,0.115,1.302,0.272,-0.119,0.036,5.0
0.299,0.3001,21.522,0.124,0.359,0.713,-0.151,0.051,5.0
0.178,0.179,20.153,0.113,0.289,0.167,-0.107,0.026,9.886
0.139,0.1397,19.897,0.117,-0.558,0.379,-0.064,0.032,10.896
0.266,0.267,20.926,0.115,-0.091,0.363,-0.194,0.037,9.785
0.079,0.0799,19.15,0.118,-0.561,0.261,0.096,0.03,10.59
0.01,0.0095,14.148,0.175,0.203,0.068,0.049,0.026,9.917
0.017,0.0176,15.122,0.151,-0.177,0.117,0.0,0.025,11.003
0.03,0.0307,16.24,0.143,0.475,0.175,-0.046,0.03,10.798
0.016,0.0155,14.712,0.153,0.549,0.083,-0.033,0.022,10.205
0.024,0.0235,16.554,0.144,-2.507,0.155,0.087,0.026,10.962
0.027,0.027,16.504,0.142,-0.138,0.061,0.105,0.02,10.52
0.042,0.045,17.625,0.141,-0.011,0.152,0.047,0.046,10.543
0.063,0.0637,18.293,0.141,-0.176,0.134,-0.032,0.048,10.918
0.019,0.0185,15.784,0.149,-2.014,0.066,-0.043,0.029,10.456
0.021,0.0202,15.117,0.147,0.736,0.09,-0.11,0.026,9.916
1.299,1.3,25.691,0.128,0.664,0.358,0.01,0.037,9.381
0.974,0.975,24.886,0.118,1.716,0.295,-0.005,0.044,9.317
0.079,0.0793,18.314,0.139,-0.955,0.125,-0.101,0.05,10.876
0.029,0.029,16.285,0.141,1.425,0.077,-0.024,0.022,10.552
0.124,0.1245,19.609,0.112,0.119,0.13,-0.004,0.022,10.528
0.183,0.184,20.273,0.114,0.88,0.228,-0.038,0.027,11.198
0.035,0.0352,16.755,0.145,-0.464,0.12,-0.047,0.045,10.712
0.049,0.049,17.841,0.14,-0.83,0.145,0.06,0.047,10.73
0.07,0.069,18.445,0.146,-0.439,0.294,0.016,0.057,10.497
0.055,0.0539,17.892,0.144,0.258,0.348,-0.02,0.037,10.363
0.01,0.0094,14.157,0.174,-0.117,0.083,0.022,0.025,9.709
0.036,0.035,16.778,0.142,-0.962,0.474,0.0,0.024,11.317
0.016,0.0154,15.048,0.153,0.167,0.069,0.041,0.024,10.697
0.053,0.051,17.645,0.14,-0.706,0.092,-0.081,0.045,10.06
0.023,0.0236,15.581,0.144,0.478,0.083,-0.097,0.024,9.418
0.024,0.0242,16.696,0.146,-2.161,0.067,0.111,0.029,10.778
0.012,0.0124,14.876,0.161,-1.181,0.028,-0.091,0.019,10.692
0.025,0.025,16.317,0.148,0.113,0.308,0.126,0.052,10.532
0.011,0.0109,14.343,0.167,-1.649,0.032,-0.083,0.019,10.915
0.05,0.0503,17.762,0.139,-2.27,0.112,-0.049,0.044,10.702
0.015,0.0155,15.286,0.154,-0.549,0.04,0.129,0.024,10.336
0.075,0.075,18.466,0.142,-0.709,0.155,-0.022,0.054,10.308
0.014,0.0146,14.476,0.157,-0.167,0.084,-0.108,0.027,10.043
0.042,0.0437,17.348,0.143,-1.714,0.088,-0.045,0.046,10.917
0.014,0.0146,15.284,0.157,-0.865,0.069,0.163,0.027,10.921
0.587,0.589,23.614,0.091,0.086,0.236,-0.006,0.041,10.23
0.59,0.592,23.431,0.093,1.001,0.435,0.012,0.04,10.162
0.697,0.699,23.589,0.093,0.976,0.218,-0.138,0.053,10.994
0.627,0.629,23.513,0.092,0.954,0.194,-0.034,0.051,8.305
0.853,0.855,24.433,0.102,0.333,0.34,-0.008,0.062,9.994
0.698,0.7,23.73,0.102,0.679,0.413,-0.098,0.072,8.544
0.808,0.81,24.608,0.102,-0.415,0.39,-0.126,0.066,8.321
0.699,0.701,24.107,0.095,0.169,0.297,0.06,0.057,9.265
0.699,0.701,23.733,0.094,0.688,0.269,-0.122,0.056,10.554
0.603,0.605,23.829,0.092,-1.558,0.21,-0.066,0.037,10.437
0.638,0.64,23.888,0.098,0.489,0.478,0.096,0.061,8.381
0.878,0.88,24.329,0.103,1.742,0.436,-0.113,0.06,7.844
0.685,0.687,24.118,0.098,-0.866,0.39,-0.011,0.073,9.325
0.583,0.585,23.713,0.091,0.227,0.175,-0.026,0.036,10.133
0.4,0.402,22.587,0.088,-0.725,0.122,-0.005,0.026,10.543
0.466,0.468,23.79,0.09,0.377,0.333,0.122,0.043,9.464
0.773,0.775,24.049,0.099,1.04,0.39,-0.14,0.066,9.109
0.497,0.499,23.103,0.089,0.145,0.233,-0.026,0.031,8.986
0.693,0.695,24.032,0.1,-1.764,0.385,-0.077,0.085,10.389
0.84,0.842,24.191,0.104,1.23,0.774,0.07,0.073,8.467
1.029,1.031,24.589,0.125,1.103,0.424,-0.142,0.061,10.785
0.435,0.437,22.524,0.087,-0.396,0.095,-0.047,0.023,10.627
0.701,0.703,23.921,0.095,0.015,0.236,-0.108,0.059,9.475
0.608,0.61,23.245,0.091,1.138,0.183,-0.098,0.036,5.294
0.73,0.732,23.905,0.097,0.682,0.261,0.013,0.062,9.276
0.534,0.536,23.295,0.09,0.263,0.178,0.07,0.032,10.855
0.269,0.27,21.058,0.086,1.151,0.085,-0.08,0.023,6.0
0.611,0.613,24.015,0.095,-0.361,0.403,0.02,0.042,10.541
0.864,0.866,24.398,0.104,1.338,0.417,-0.007,0.06,10.931
0.788,0.79,23.976,0.096,1.396,0.212,-0.109,0.05,8.98
0.409,0.411,22.557,0.087,0.431,0.095,-0.037,0.022,9.107
0.934,0.936,24.816,0.127,0.846,0.645,0.039,0.084,8.528
0.932,0.934,24.399,0.111,0.318,0.345,-0.214,0.053,10.855
0.625,0.627,23.387,0.091,1.128,0.184,-0.043,0.05,9.414
0.959,0.961,24.773,0.125,-0.702,0.394,-0.2,0.064,11.226
0.371,0.372,22.212,0.086,0.254,0.07,-0.066,0.023,9.047
0.837,0.839,24.189,0.101,0.283,0.271,-0.158,0.058,11.277
0.998,1.0,24.529,0.116,1.177,0.387,-0.087,0.054,9.333
0.507,0.509,23.559,0.089,0.885,0.18,0.168,0.031,10.285
0.72,0.722,24.235,0.098,-1.102,0.289,-0.027,0.064,10.883
0.548,0.55,23.337,0.091,0.649,0.262,0.101,0.039,8.706
0.632,0.634,23.739,0.093,0.209,0.33,-0.051,0.067,8.751
0.374,0.375,22.145,0.087,-0.833,0.104,-0.129,0.025,10.503
0.284,0.285,21.257,0.087,0.937,0.105,-0.085,0.023,10.628
0.578,0.58,23.324,0.09,0.509,0.312,-0.036,0.038,7.638
0.405,0.407,22.802,0.087,-0.989,0.107,-0.048,0.025,10.429
0.947,0.949,24.46,0.115,-0.096,0.673,0.057,0.065,11.008
0.806,0.808,24.466,0.105,0.029,0.462,0.037,0.069,8.984
0.925,0.927,24.706,0.125,0.863,0.64,-0.058,0.072,9.705
0.302,0.303,21.442,0.086,0.519,0.063,-0.162,0.022,9.381
0.897,0.899,24.333,0.11,1.454,0.416,-0.084,0.064,9.879
0.749,0.751,23.83,0.096,0.937,0.237,0.033,0.06,11.199
0.468,0.47,22.635,0.087,1.528,0.121,-0.063,0.027,8.024
0.928,0.93,24.76,0.121,0.086,0.452,-0.114,0.069,8.357
0.761,0.763,24.082,0.096,1.043,0.245,-0.017,0.058,10.461
0.789,0.791,24.222,0.1,0.784,0.472,-0.043,0.066,10.005
0.55,0.552,23.22,0.089,0.769,0.177,-0.043,0.03,9.96
0.47,0.472,23.759,0.088,0.448,0.224,0.153,0.035,9.239
0.535,0.537,22.872,0.089,0.908,0.131,-0.145,0.029,9.44
0.422,0.424,22.726,0.088,1.237,0.139,0.083,0.027,10.057
0.767,0.769,24.198,0.101,0.681,0.449,-0.174,0.061,10.324
0.372,0.373,22.438,0.086,-0.701,0.088,-0.051,0.023,8.381
0.809,0.811,24.395,0.102,-0.266,0.32,0.003,0.062,8.977
0.514,0.516,22.881,0.089,1.531,0.147,-0.07,0.029,9.101
0.848,0.85,24.196,0.111,1.752,0.571,-0.109,0.062,8.861
0.138,0.1393,19.555,0.112,0.567,0.166,-0.096,0.023,10.756
